userid, title, body
1, How to create postman environment, Use create button or New button under header menu to create environment
2, How to create postman workspace, Use create button or New button under header menu to create environment
3, How to create postman collection, Use create button or New button under header menu to create environment
4, How to create postman Http request, Use create button or New button under header menu to create environment
5, How to create postman collection monitoring, Use create button or New button under header menu to create environment
6, How to create postman api docs, Use create button or New button under header menu to create environment