[
{
 "user id" : 1 ,
 "title" : "Intern",
 "body" : "Use create button to create environment"
}, 
{
 "user id" : 2 ,
 "title" : "Programmer",
 "body" : "Use create button to create environment"
}, 
{
 "user id" : 3 ,
 "title" : "Developer",
 "body" : "Use create button to create environment"
},
 {
 "user id" : 4 ,
 "title" : "Trainee",
 "body" : "Use create button to create environment"
}, 
{
 "user id" : 5 ,
 "title" : "Tester",
 "body" : "Use create button to create environment"
}
]
